Time,Misses,Width,Distance
1866,0,50,938.2989928588861
511,0,50,332.4349560440358
376,0,50,235.95126615468712
441,0,50,285.8058781760795
446,0,50,338.76392960290207
412,0,50,304.11346566701053
387,0,50,319.4761336938958
429,0,50,311.0064308016797
376,0,50,225.80079716422614
378,0,50,251.7300141024109
389,0,50,295.0254226333724
410,0,50,322.50426353770894
446,0,50,286.6862396418775
#,#,#,#,#,#,#,#,#,#,#,#,#,#,#
